Tmax,Tmin,Tav,VPD,Rain,Solar rad,Rain Days,Frost Days,Ca,D13Catm,d18O,Year,Month
-2.7,-12.2,-8,1.62,285.43,3.62,17,36,282.47,-8.2,-15.6,1950,1
3.5,-7.1,-2.1,2.64,80.92,3.81,13,25,282.62,-8.2,-15.9,1950,2
4.5,-5.9,-1.3,2.78,126.54,3.78,14,23,282.76,-8.2,-16.7,1950,3
8.9,-5.4,2,4.53,33.94,4.37,9,22,282.91,-8.2,-13.9,1950,4
14.9,-3.2,6.2,7.5,19.43,4.88,7,18,283.05,-8.2,-12,1950,5
18.3,2.5,10.3,8.5,79.84,4.76,13,6,283.19,-8,-11,1950,6
24.9,3.7,15.5,14.58,0,5.55,0,4,283.34,-7.7,-10.5,1950,7
25.4,4,16.3,15.07,10.72,5.64,5,3,283.48,-7.6,-11.2,1950,8
20.7,1.1,12.1,11.03,17.18,5.26,6,9,283.63,-7.8,-10.6,1950,9
12,1,6.4,4.62,224.17,4.04,16,9,283.77,-8,-12.6,1950,10
7.1,-2.2,2.2,3.03,145.24,3.65,14,16,283.92,-8.1,-14.8,1950,11
5.6,-1.5,1.6,2.24,156.6,3.11,14,14,284.06,-8.1,-15.7,1950,12
0.5,-7.4,-3.8,1.75,197.56,3.26,15,26,284.2,-8.2,-15.6,1951,1
3.7,-6.5,-1.2,2.6,110.46,3.75,13,24,284.35,-8.2,-15.9,1951,2
5.8,-8,-0.8,3.64,95.93,4.27,13,27,284.49,-8.2,-16.7,1951,3
13.2,-5.3,5.1,6.84,22.08,4.91,7,22,284.64,-8.2,-13.9,1951,4
14.9,-0.8,7.3,6.92,43.87,4.65,10,13,284.78,-8.2,-12,1951,5
21.1,0.3,11.7,11.63,3.65,5.33,3,11,284.93,-8,-11,1951,6
25.2,2.3,15.5,15.4,6.31,5.69,5,7,285.07,-7.7,-10.5,1951,7
23.8,1.1,14.8,14.17,13.8,5.67,6,9,285.21,-7.6,-11.2,1951,8
21.6,-0.2,12.3,12.25,11.69,5.44,6,12,285.36,-7.8,-10.6,1951,9
11.3,-0.1,5.5,4.53,125.19,4.07,14,11,285.5,-8,-12.6,1951,10
5.8,-4.3,1,2.96,131.91,3.77,14,20,285.65,-8.1,-14.8,1951,11
0.8,-7.2,-3.7,1.8,230.39,3.28,16,26,285.79,-8.1,-15.7,1951,12
-0.1,-8.6,-4.3,1.78,135.9,3.4,14,28,285.94,-8.2,-15.6,1952,1
3.6,-7.2,-1.8,2.69,124.14,3.84,14,26,286.08,-8.2,-15.9,1952,2
3.8,-6.7,-1.3,2.67,94.14,3.8,13,25,286.22,-8.2,-16.7,1952,3
13,-4.2,5.2,6.5,20.1,4.77,7,20,286.37,-8.2,-13.9,1952,4
16.2,-0.6,7.8,7.78,31.79,4.78,8,12,286.51,-8.2,-12,1952,5
17.3,2.2,9.7,7.8,64.2,4.66,12,7,286.66,-8,-11,1952,6
26,3.3,16.2,16.04,0,5.71,0,5,286.8,-7.7,-10.5,1952,7
24.4,4,15.4,13.9,12.55,5.49,6,3,286.95,-7.6,-11.2,1952,8
22.7,1.9,13.5,12.75,19.16,5.41,7,7,287.09,-7.8,-10.6,1952,9
19.2,0.1,9.8,9.97,0.59,5.08,1,11,287.24,-8,-12.6,1952,10
6,-6.8,-0.8,3.51,27.55,4.13,8,25,287.38,-8.1,-14.8,1952,11
1.3,-5.1,-2.7,1.57,189.53,2.82,15,21,287.52,-8.1,-15.7,1952,12
5.2,-2.6,1.6,2.35,281.36,3.32,17,16,287.67,-8.2,-15.6,1953,1
5.5,-5.7,-0.1,3.12,147.51,3.92,14,23,287.81,-8.2,-15.9,1953,2
6,-5.6,-0.4,3.3,80.59,3.97,13,22,287.96,-8.2,-16.7,1953,3
9.1,-4.4,2.6,4.42,41.91,4.28,10,20,288.1,-8.2,-13.9,1953,4
11.6,-1.9,4.9,5.17,78.09,4.33,13,15,288.25,-8.2,-12,1953,5
15,1.5,7.7,6.34,49.28,4.39,11,8,288.39,-8,-11,1953,6
25,2.7,15.2,15.04,0,5.6,0,6,288.53,-7.7,-10.5,1953,7
21.6,4.7,14,10.69,52.88,5.1,12,2,288.68,-7.6,-11.2,1953,8
22.5,2,13.4,12.52,5.82,5.38,5,7,288.82,-7.8,-10.6,1953,9
14.3,-0.6,7,6.47,45.89,4.56,11,12,288.97,-8,-12.6,1953,10
7.2,-1.4,3.1,2.87,191.41,3.54,15,14,289.11,-8.1,-14.8,1953,11
4,-4.1,-0.3,2.24,164.46,3.35,14,19,289.26,-8.1,-15.7,1953,12
1.3,-6.4,-2.7,1.81,258.87,3.22,16,24,289.4,-8.2,-15.6,1954,1
6.8,-5.2,1,3.55,62.55,4.05,12,22,289.54,-8.2,-15.9,1954,2
5.1,-8,-1.5,3.37,63.78,4.17,12,27,289.69,-8.2,-16.7,1954,3
11.2,-4.6,3.9,5.55,48.85,4.59,11,20,289.83,-8.2,-13.9,1954,4
17.4,-1.9,8.2,9.02,24.18,5.05,7,15,289.98,-8.2,-12,1954,5
16.2,1.2,8.7,7.28,52.65,4.62,12,9,290.12,-8,-11,1954,6
23.6,3.2,14.6,13.29,2.58,5.44,2,5,290.27,-7.7,-10.5,1954,7
19.7,3.4,12.3,9.39,37.62,4.95,9,4,290.41,-7.6,-11.2,1954,8
18.1,2.1,10.3,8.46,23.92,4.8,7,7,290.55,-7.8,-10.6,1954,9
13.4,-2.4,6.2,6.35,28.64,4.64,8,16,290.7,-8,-12.6,1954,10
9.2,-1.5,3.9,3.81,44.87,3.92,10,14,290.84,-8.1,-14.8,1954,11
2.5,-6.9,-2.3,2.27,106.42,3.6,13,25,290.99,-8.1,-15.7,1954,12
1.2,-6.6,-3.5,1.82,84.86,3.24,13,24,291.13,-8.2,-15.6,1955,1
2.9,-8.2,-3.1,2.62,54.41,3.88,12,28,291.28,-8.2,-15.9,1955,2
3.7,-8,-2.1,2.86,95.09,3.97,13,27,291.42,-8.2,-16.7,1955,3
5.1,-5.7,-0.2,2.96,89.82,3.86,13,23,291.57,-8.2,-13.9,1955,4
13.6,-2.2,5.6,6.42,16.09,4.61,6,16,291.71,-8.2,-12,1955,5
20,1.8,11,10.18,15.97,5.04,6,8,291.85,-8,-11,1955,6
21.2,4.6,13,10.34,8.96,4.98,5,2,292,-7.7,-10.5,1955,7
25.3,2.2,14.7,15.55,0,5.6,0,7,292.14,-7.6,-11.2,1955,8
19.8,0.6,10.9,10.35,41.58,5.15,10,10,292.29,-7.8,-10.6,1955,9
14.3,1.1,7.1,6,91.2,4.34,13,9,292.43,-8,-12.6,1955,10
3.9,-4.8,-0.7,2.35,178.24,3.47,15,21,292.58,-8.1,-14.8,1955,11
1.3,-4.8,-2.3,1.51,311.62,2.72,17,21,292.72,-8.1,-15.7,1955,12
1.5,-4.9,-2.4,1.59,251.62,2.83,16,21,292.86,-8.2,-15.6,1956,1
1,-9.5,-4,2.22,132.12,3.78,14,30,293.01,-8.2,-15.9,1956,2
6,-5.9,-0.2,3.35,79.66,4.02,13,23,293.15,-8.2,-16.7,1956,3
11.8,-3.2,4.1,5.58,31.76,4.48,8,18,293.3,-8.2,-13.9,1956,4
16.3,1.6,8.5,7.23,83.63,4.56,13,8,293.44,-8.2,-12,1956,5
18.3,2.4,9.8,8.53,37.72,4.74,9,6,293.59,-8,-11,1956,6
25.4,5.1,16,14.67,20.94,5.5,7,1,293.73,-7.7,-10.5,1956,7
22.9,4,14.2,12.27,11.54,5.28,6,3,293.87,-7.6,-11.2,1956,8
20.9,1.2,11.9,11.18,12.69,5.24,6,9,294.02,-7.8,-10.6,1956,9
12,-0.5,5.7,5.04,145.82,4.22,14,12,294.16,-8,-12.6,1956,10
6.6,-3.8,0.5,3.18,37.18,3.79,9,19,294.31,-8.1,-14.8,1956,11
5.2,-5.1,-0.3,2.89,158.9,3.77,14,21,294.45,-8.1,-15.7,1956,12
-3,-12.1,-8.4,1.54,94.61,3.55,13,35,294.6,-8.2,-15.6,1957,1
4.2,-5.4,-1.1,2.57,137.85,3.64,14,22,294.74,-8.2,-15.9,1957,2
5.4,-3.5,0.8,2.63,164.08,3.54,14,18,294.88,-8.2,-16.7,1957,3
10.3,-2.4,3.7,4.58,42.38,4.19,10,16,295.03,-8.2,-13.9,1957,4
16.2,2.9,8.6,6.74,72.6,4.39,12,5,295.17,-8.2,-12,1957,5
21.1,3.8,12.1,10.54,12.07,4.98,6,4,295.32,-8,-11,1957,6
22.9,3.8,14,12.34,6.65,5.29,5,4,295.46,-7.7,-10.5,1957,7
21.8,3.2,12.7,11.42,7.23,5.15,5,5,295.61,-7.6,-11.2,1957,8
21.4,2.2,12.8,11.36,50.55,5.24,12,7,295.75,-7.8,-10.6,1957,9
10.1,0.9,5.3,3.62,60.28,3.71,12,9,295.9,-8,-12.6,1957,10
5.3,-4.9,-0.2,2.89,86.78,3.76,13,21,296.04,-8.1,-14.8,1957,11
4.6,-4.1,0.1,2.46,254.07,3.49,16,19,296.18,-8.1,-15.7,1957,12
3,-4.5,-0.9,1.98,185.12,3.19,15,20,296.33,-8.2,-15.6,1958,1
6.2,-2.1,2.2,2.63,181.44,3.45,15,15,296.47,-8.2,-15.9,1958,2
4.7,-6,-0.7,2.87,50.79,3.84,12,23,296.62,-8.2,-16.7,1958,3
8.7,-3.4,2.7,4.02,61.99,4.09,12,18,296.76,-8.2,-13.9,1958,4
20.2,1.7,10.7,10.39,40.94,5.04,10,8,296.91,-8.2,-12,1958,5
19.5,5.5,12.2,8.45,86.15,4.65,13,0,297.05,-8,-11,1958,6
25.8,5.3,17,15.07,11.66,5.62,6,1,297.19,-7.7,-10.5,1958,7
26.8,4.6,17.5,16.59,13.55,5.78,6,2,297.34,-7.6,-11.2,1958,8
19,1.3,11.3,9.45,21.64,5.05,7,9,297.48,-7.8,-10.6,1958,9
16.7,-1.5,8.4,8.38,32.77,4.96,9,14,297.63,-8,-12.6,1958,10
6.5,-2.5,1.9,2.84,144.88,3.58,14,16,297.77,-8.1,-14.8,1958,11
6.4,-2.4,1.9,2.78,91.08,3.54,13,16,297.92,-8.1,-15.7,1958,12
3.4,-6,-0.4,2.41,148.25,3.63,14,23,298.06,-8.2,-15.6,1959,1
2.3,-6.9,-1.9,2.21,90.9,3.57,13,25,298.2,-8.2,-15.9,1959,2
7,-6.4,1.2,3.86,66.63,4.25,12,24,298.35,-8.2,-16.7,1959,3
12.2,-4.4,4.3,6.07,19.8,4.68,7,20,298.49,-8.2,-13.9,1959,4
13.1,-2.5,5.7,6.19,42.44,4.6,10,16,298.64,-8.2,-12,1959,5
20.2,1.9,11.7,10.32,19.64,5.1,7,7,298.78,-8,-11,1959,6
26.4,1.8,16.4,17.03,5.52,5.84,5,8,298.93,-7.7,-10.5,1959,7
23.3,0.9,14.2,13.69,22.25,5.6,7,9,299.07,-7.6,-11.2,1959,8
16.8,0.9,10.1,7.81,63.68,4.83,12,9,299.21,-7.8,-10.6,1959,9
14.7,0.4,7.5,6.46,62.78,4.49,12,10,299.36,-8,-12.6,1959,10
8.9,-6.1,1.8,4.66,38.96,4.45,10,23,299.5,-8.1,-14.8,1959,11
3.9,-6.7,-1.6,2.71,46.6,3.81,11,25,299.65,-8.1,-15.7,1959,12
0,-8.2,-4.4,1.74,104.86,3.33,13,28,299.79,-8.2,-15.6,1960,1
2.9,-6.8,-2.3,2.38,145.63,3.65,14,25,299.94,-8.2,-15.9,1960,2
7.4,-4.6,1.2,3.68,169.18,4.05,14,20,300.08,-8.2,-16.7,1960,3
9.9,-2.7,3.5,4.45,70.79,4.17,12,17,300.23,-8.2,-13.9,1960,4
13.2,-1.1,5.8,5.9,78.55,4.44,13,13,300.37,-8.2,-12,1960,5
22.6,1.4,12.1,12.8,2.81,5.33,3,8,300.51,-8,-11,1960,6
27.6,3.3,17.5,18.1,12.27,5.88,6,5,300.66,-7.7,-10.5,1960,7
22.9,2.9,13.9,12.64,20.79,5.36,7,5,300.8,-7.6,-11.2,1960,8
21.7,1.1,12.3,11.99,9.44,5.33,5,9,300.95,-7.8,-10.6,1960,9
15.1,-1.4,7.4,7.21,49.07,4.75,11,14,301.09,-8,-12.6,1960,10
4.8,-4.3,0.4,2.57,217.49,3.58,16,20,301.24,-8.1,-14.8,1960,11
3.1,-6.3,-1.7,2.36,76.52,3.6,13,24,301.38,-8.1,-15.7,1960,12
4.6,-5.6,-0.1,2.76,54.75,3.77,12,22,301.52,-8.2,-15.6,1961,1
5.3,-3.8,1.1,2.66,202.81,3.59,15,19,301.67,-8.2,-15.9,1961,2
5.5,-4.8,0.6,2.94,145.42,3.8,14,21,301.81,-8.2,-16.7,1961,3
10.5,-5,3.7,5.25,37.25,4.55,9,21,301.96,-8.2,-13.9,1961,4
14.2,-1.2,6.6,6.56,50.62,4.6,12,14,302.1,-8.2,-12,1961,5
24.1,3.9,14.1,13.6,24.15,5.35,7,3,302.25,-8,-11,1961,6
26.4,2.9,16.3,16.67,3.32,5.75,3,5,302.39,-7.7,-10.5,1961,7
27,4.2,17.6,17,20.02,5.82,7,3,302.53,-7.6,-11.2,1961,8
17.8,-1.5,9.4,9.23,23.49,5.11,7,14,302.68,-7.8,-10.6,1961,9
13.6,-2.1,6.1,6.4,93.52,4.62,13,15,302.82,-8,-12.6,1961,10
5.2,-6.5,-0.4,3.15,156.61,3.99,14,24,302.97,-8.1,-14.8,1961,11
2.1,-5.9,-2,1.96,154.76,3.3,14,23,303.11,-8.1,-15.7,1961,12
2.2,-9.2,-3.4,2.55,60.94,3.92,12,30,303.26,-8.2,-15.6,1962,1
3.6,-6.7,-1.2,2.6,71.15,3.77,12,25,303.4,-8.2,-15.9,1962,2
4.5,-6,-0.7,2.8,114.01,3.81,13,23,303.54,-8.2,-16.7,1962,3
13.4,-3.9,5.3,6.68,51.02,4.78,12,19,303.69,-8.2,-13.9,1962,4
12,-1.2,5.2,5.22,50.75,4.29,12,14,303.83,-8.2,-12,1962,5
20.3,0.5,10.6,10.83,8,5.17,5,10,303.98,-8,-11,1962,6
24.5,1.3,14.5,14.9,3.14,5.63,3,9,304.12,-7.7,-10.5,1962,7
22,3.7,13.8,11.45,29.97,5.22,8,4,304.27,-7.6,-11.2,1962,8
21.8,0.4,12.6,12.29,34.05,5.42,9,10,304.41,-7.8,-10.6,1962,9
14,1.1,6.9,5.8,122.32,4.29,14,9,304.56,-8,-12.6,1962,10
7.2,-1.4,2.4,2.87,117.74,3.5,13,14,304.7,-8.1,-14.8,1962,11
5.2,-3.7,0.3,2.6,82.93,3.53,13,19,304.84,-8.1,-15.7,1962,12
2.8,-11.8,-4.1,3.09,54.19,4.36,12,35,304.99,-8.2,-15.6,1963,1
8.1,-2.7,2.6,3.58,156.27,3.91,14,17,305.13,-8.2,-15.9,1963,2
6.7,-6.2,0.4,3.69,71.69,4.16,12,24,305.28,-8.2,-16.7,1963,3
6.5,-3.9,1.4,3.16,92.25,3.83,13,19,305.42,-8.2,-13.9,1963,4
16,-0.3,8,7.56,48.48,4.74,11,12,305.57,-8.2,-12,1963,5
18.2,2.2,10.1,8.51,28.91,4.78,8,7,305.71,-8,-11,1963,6
21.4,2.9,13.1,11.13,12.54,5.21,6,5,305.85,-7.7,-10.5,1963,7
23.6,3.5,14.8,13.19,8.3,5.44,5,4,306,-7.6,-11.2,1963,8
22.7,4.5,14.3,11.88,34.95,5.22,9,2,306.14,-7.8,-10.6,1963,9
14.1,0.5,7.2,6.04,37.98,4.4,9,10,306.29,-8,-12.6,1963,10
5.7,-2.5,1.6,2.52,153.07,3.41,14,16,306.43,-8.1,-14.8,1963,11
4.7,-5.6,-0.1,2.8,76.82,3.78,13,22,306.58,-8.1,-15.7,1963,12
1.5,-5.9,-2.2,1.78,227.95,3.14,16,23,306.72,-8.2,-15.6,1964,1
5.5,-8.9,-1.1,3.66,30.2,4.34,8,29,306.86,-8.2,-15.9,1964,2
4.5,-7.5,-1,3.06,93.05,4.03,13,26,307.01,-8.2,-16.7,1964,3
9.3,-6.5,2.1,4.93,28.4,4.55,8,24,307.15,-8.2,-13.9,1964,4
14.3,-4,5.8,7.28,11.99,4.89,6,19,307.3,-8.2,-12,1964,5
18.3,2.2,10.2,8.59,38.04,4.79,9,7,307.44,-8,-11,1964,6
24.3,3.7,15.3,13.9,13.72,5.5,6,4,307.59,-7.7,-10.5,1964,7
22.7,2.8,13.8,12.47,8.44,5.36,5,6,307.73,-7.6,-11.2,1964,8
19.5,-0.7,10.4,10.44,13.35,5.22,6,13,307.87,-7.8,-10.6,1964,9
16,-1.8,7.9,7.94,17.87,4.91,6,15,308.02,-8,-12.6,1964,10
3.8,-3.6,-0.5,2.06,156.69,3.16,14,18,308.16,-8.1,-14.8,1964,11
0.6,-6.1,-3,1.55,519.96,2.92,22,23,308.31,-8.1,-15.7,1964,12
2.3,-5.7,-1.1,1.99,193.81,3.32,15,23,308.45,-8.2,-15.6,1965,1
5.8,-6.6,0.1,3.4,43.54,4.1,10,24,308.6,-8.2,-15.9,1965,2
7.8,-8.9,0.8,4.62,12.18,4.64,6,29,308.74,-8.2,-16.7,1965,3
10.8,-2.5,4.1,4.87,63.94,4.28,12,16,308.89,-8.2,-13.9,1965,4
14.7,-2.9,6.2,7.3,24.04,4.82,7,17,309.03,-8.2,-12,1965,5
19.8,2.1,10.7,9.9,29.78,4.96,8,7,309.17,-8,-11,1965,6
24.5,5,15.6,13.65,20.2,5.42,7,1,309.32,-7.7,-10.5,1965,7
22.5,6,14.7,11.1,76.47,5.08,13,0,309.46,-7.6,-11.2,1965,8
17.8,-1.9,9.3,9.33,1.61,5.15,2,15,309.61,-7.8,-10.6,1965,9
17.8,-1.2,9.3,9.16,34.55,5.08,9,14,309.75,-8,-12.6,1965,10
6.6,-2,2.4,2.77,123.01,3.52,14,15,309.9,-8.1,-14.8,1965,11
2.2,-6.9,-2.5,2.18,95.37,3.54,13,25,310.04,-8.1,-15.7,1965,12
2.1,-6.1,-1.9,2,224.39,3.35,16,23,310.18,-8.2,-15.6,1966,1
3.1,-7.5,-1.9,2.57,41.05,3.81,10,26,310.33,-8.2,-15.9,1966,2
7.1,-6.1,0.6,3.85,97.68,4.21,13,23,310.47,-8.2,-16.7,1966,3
12.9,-5.8,4.7,6.76,12.58,4.91,6,23,310.62,-8.2,-13.9,1966,4
18.3,-3,8.6,9.99,10.62,5.24,5,17,310.76,-8.2,-12,1966,5
18.6,1,10.1,9.21,19.63,4.96,7,9,310.91,-8,-11,1966,6
22.4,3.3,13.8,11.99,28.33,5.29,8,5,311.05,-7.7,-10.5,1966,7
24.6,2,14.9,14.8,9.92,5.62,5,7,311.19,-7.6,-11.2,1966,8
20.9,3.6,12.4,10.42,22.28,5.02,7,4,311.34,-7.8,-10.6,1966,9
15.3,-1.8,7.4,7.45,54.86,4.82,12,15,311.48,-8,-12.6,1966,10
6.5,-1.8,2.2,2.68,160.36,3.44,14,15,311.63,-8.1,-14.8,1966,11
2.9,-3.6,-0.7,1.76,135.03,2.88,14,18,311.77,-8.1,-15.7,1966,12
2.8,-3.9,-0.7,1.79,214.33,2.95,15,19,311.92,-8.2,-15.6,1967,1
6.1,-5.9,0.3,3.39,37.42,4.04,9,23,312.06,-8.2,-15.9,1967,2
4.5,-6.3,-0.8,2.85,86.94,3.85,13,24,312.2,-8.2,-16.7,1967,3
5.5,-4.9,0,2.96,59.93,3.79,12,21,312.35,-8.2,-13.9,1967,4
16.6,-1.9,7.4,8.41,18.97,4.94,7,15,312.49,-8.2,-12,1967,5
20.8,3.1,11.9,10.49,26.07,5.02,8,5,312.64,-8,-11,1967,6
26.6,2.8,16.5,16.96,0,5.78,0,6,312.78,-7.7,-10.5,1967,7
28.3,1.9,18.1,19.51,1.5,6.03,1,7,312.93,-7.6,-11.2,1967,8
23.9,2,14.6,14.01,16.69,5.57,6,7,313.07,-7.8,-10.6,1967,9
14.1,-1,7.1,6.45,101.72,4.59,13,13,313.22,-8,-12.6,1967,10
6.6,-2.9,1.9,2.98,51.21,3.68,12,17,313.36,-8.1,-14.8,1967,11
1,-6.8,-3,1.79,97.73,3.24,13,25,313.5,-8.1,-15.7,1967,12
2.4,-6.9,-2.1,2.24,96.36,3.58,13,25,313.65,-8.2,-15.6,1968,1
4.9,-3.4,0.6,2.42,125.41,3.41,14,18,313.79,-8.2,-15.9,1968,2
8.3,-4.9,2,4.15,41.8,4.23,10,21,313.94,-8.2,-16.7,1968,3
9.7,-6.7,2.3,5.16,18.14,4.62,7,25,314.08,-8.2,-13.9,1968,4
14.9,-2.2,7,7.27,44.36,4.81,10,16,314.23,-8.2,-12,1968,5
20.5,1.1,11.6,10.84,14.92,5.2,6,9,314.37,-8,-11,1968,6
26.2,2.4,16.4,16.59,3.58,5.8,3,6,314.51,-7.7,-10.5,1968,7
20.8,4.5,13.8,10,70.32,5.04,12,2,314.66,-7.6,-11.2,1968,8
20.4,1.9,12,10.51,24.24,5.14,7,7,314.8,-7.8,-10.6,1968,9
13.3,-1.9,6.2,6.17,63.22,4.57,12,15,314.95,-8,-12.6,1968,10
5.1,-1.9,0.9,2.15,168.15,3.07,14,15,315.09,-8.1,-14.8,1968,11
0.4,-7.2,-3.6,1.69,186.81,3.19,15,26,315.24,-8.1,-15.7,1968,12
-1.6,-10.2,-5.4,1.62,197.11,3.42,15,32,315.38,-8.2,-15.6,1969,1
1,-7.2,-3.5,1.86,77.04,3.34,13,26,315.52,-8.2,-15.9,1969,2
7.1,-7.4,0.3,4.07,51.13,4.37,12,26,315.67,-8.2,-16.7,1969,3
9.9,-4.7,2.9,4.88,38.8,4.42,9,21,315.81,-8.2,-13.9,1969,4
17.9,-1,9.2,9.18,40.77,5.05,10,13,315.96,-8.2,-12,1969,5
20.2,3.8,12.3,9.7,88.45,4.93,13,4,316.1,-8,-11,1969,6
23.7,2.5,14.6,13.63,10.75,5.52,5,6,316.25,-7.7,-10.5,1969,7
24,1.2,14.4,14.36,0,5.61,0,9,316.39,-7.6,-11.2,1969,8
20.1,1.5,11.9,10.36,25.74,5.16,8,8,316.53,-7.8,-10.6,1969,9
10.8,-2.4,4.4,4.85,60.69,4.28,12,16,316.68,-8,-12.6,1969,10
8.5,-3.8,2.5,4.01,37.96,4.12,9,19,316.82,-8.1,-14.8,1969,11
3.3,-4.4,-1,2.06,199.49,3.24,15,20,316.97,-8.1,-15.7,1969,12
1.8,-5.4,-1.7,1.78,285.5,3.1,17,22,317.11,-8.2,-15.6,1970,1
5.6,-5,0.2,3.02,55.5,3.83,12,21,317.26,-8.2,-15.9,1970,2
6.3,-6.2,0.4,3.53,77.1,4.12,13,24,317.4,-8.2,-16.7,1970,3
6.7,-7.4,0.6,3.9,49.71,4.33,11,26,317.55,-8.2,-13.9,1970,4
16.6,-2.9,7.6,8.64,16.44,5.06,6,17,317.69,-8.2,-12,1970,5
22.4,2.6,13.3,12.22,30.57,5.32,8,6,317.83,-8,-11,1970,6
25.8,3.3,16.5,15.8,6.49,5.73,5,5,317.98,-7.7,-10.5,1970,7
26.4,1.1,16,17.24,0,5.84,0,9,318.12,-7.6,-11.2,1970,8
17.6,-2.2,9.3,9.24,20.06,5.17,7,16,318.27,-7.8,-10.6,1970,9
13.2,-4.2,5.6,6.62,82.87,4.81,13,20,318.41,-8,-12.6,1970,10
4.9,-2.9,0.6,2.31,212.1,3.29,15,17,318.56,-8.1,-14.8,1970,11
0.9,-6.8,-3.4,1.76,157.33,3.21,14,25,318.7,-8.1,-15.7,1970,12
2.6,-6.2,-1.8,2.18,245.53,3.48,16,24,318.84,-8.2,-15.6,1971,1
4.7,-7,-1.1,3.05,99.66,3.98,13,25,318.99,-8.2,-15.9,1971,2
3.6,-7.7,-1.6,2.77,143.1,3.92,14,27,319.13,-8.2,-16.7,1971,3
9.3,-5.6,2.3,4.76,34.43,4.44,9,22,319.28,-8.2,-13.9,1971,4
15.6,-1.5,7.6,7.58,43.22,4.82,10,14,319.42,-8.2,-12,1971,5
17.4,1.9,9.3,7.97,30.44,4.68,8,7,319.57,-8,-11,1971,6
25.6,2.9,16.7,15.69,5.03,5.79,5,5,319.71,-7.7,-10.5,1971,7
27.2,4,17.5,17.33,13.01,5.83,6,3,319.85,-7.6,-11.2,1971,8
17.5,-1.5,9.6,8.99,52.11,5.11,12,14,320,-7.8,-10.6,1971,9
11.9,-2.4,4.8,5.45,44.99,4.42,10,16,320.14,-8,-12.6,1971,10
5.6,-4.4,0.7,2.9,163.17,3.75,14,20,320.29,-8.1,-14.8,1971,11
0.3,-7.6,-3.7,1.73,181.87,3.26,15,26,320.43,-8.1,-15.7,1971,12
0.7,-8.2,-3.5,1.94,222.36,3.49,16,28,320.58,-8.2,-15.6,1972,1
4,-5.5,-0.6,2.52,124.48,3.64,14,22,320.72,-8.2,-15.9,1972,2
8.3,-3.3,2.4,3.81,156.43,4.02,14,18,320.86,-8.2,-16.7,1972,3
8,-5.7,1.4,4.17,64.77,4.28,12,23,321.01,-8.2,-13.9,1972,4
17.3,-0.5,8.5,8.58,35.32,4.91,9,12,321.15,-8.2,-12,1972,5
21.6,2.8,11.8,11.36,25.34,5.11,8,6,321.3,-8,-11,1972,6
25.6,2.5,16.7,15.82,4.41,5.82,4,6,321.44,-7.7,-10.5,1972,7
25.5,3.2,16.7,15.47,10.48,5.76,5,5,321.59,-7.6,-11.2,1972,8
17.8,-0.7,9.9,9.03,29.85,5.08,8,13,321.73,-7.8,-10.6,1972,9
13.2,-1.2,5.8,5.93,46.41,4.45,11,14,321.88,-8,-12.6,1972,10
5.1,-2,1.3,2.17,62.69,3.11,12,15,322.02,-8.1,-14.8,1972,11
-0.5,-9.1,-5,1.75,183.12,3.42,15,29,322.16,-8.1,-15.7,1972,12
0.6,-7.4,-3.7,1.78,115.88,3.29,13,26,322.31,-8.2,-15.6,1973,1
4.6,-5.2,-0.3,2.68,35.01,3.69,9,22,322.45,-8.2,-15.9,1973,2
5.3,-6.1,0,3.11,55.52,3.96,12,23,322.6,-8.2,-16.7,1973,3
11.2,-5.4,3.9,5.7,30.84,4.68,8,22,322.74,-8.2,-13.9,1973,4
18.1,-1.6,9.7,9.5,27.07,5.17,8,14,322.89,-8.2,-12,1973,5
21,0.3,12.2,11.54,14.48,5.36,6,11,323.03,-8,-11,1973,6
25.9,1.7,16.3,16.43,11.64,5.83,6,8,323.17,-7.7,-10.5,1973,7
24.6,1.2,15.9,15.04,7.59,5.81,5,9,323.32,-7.6,-11.2,1973,8
19.7,1.6,11.9,9.97,52.07,5.12,12,8,323.46,-7.8,-10.6,1973,9
13.6,-1.8,6.4,6.33,61.93,4.6,12,15,323.61,-8,-12.6,1973,10
2.4,-2.9,-0.7,1.44,315.29,2.41,18,17,323.75,-8.1,-14.8,1973,11
3.2,-3.1,-0.3,1.75,219.8,2.82,16,17,323.9,-8.1,-15.7,1973,12
-0.9,-9.6,-4.9,1.71,197.51,3.44,15,30,324.04,-8.2,-15.6,1974,1
4,-5.9,-1,2.6,128.7,3.7,14,23,324.18,-8.2,-15.9,1974,2
6,-4.8,0.6,3.14,175.16,3.87,15,21,324.33,-8.2,-16.7,1974,3
8.9,-4.4,2.9,4.33,62.69,4.27,12,20,324.47,-8.2,-13.9,1974,4
14.1,-1.4,6.3,6.55,19.54,4.59,7,14,324.62,-8.2,-12,1974,5
23.6,2.7,14.2,13.46,10.75,5.45,5,6,324.76,-8,-11,1974,6
23.8,4.4,15,13.09,25.4,5.38,8,2,324.91,-7.7,-10.5,1974,7
25.1,3.6,16.3,14.85,0.39,5.67,1,4,325.05,-7.6,-11.2,1974,8
23.9,-1.6,14.2,15.01,0,5.78,0,14,325.19,-7.8,-10.6,1974,9
16.3,-3.7,7.6,8.6,18.85,5.12,7,19,325.34,-8,-12.6,1974,10
6.3,-2.5,1.9,2.76,77.57,3.54,13,16,325.48,-8.1,-14.8,1974,11
2.8,-4.5,-1.4,1.92,180.63,3.12,15,20,325.63,-8.1,-15.7,1974,12
2.9,-6.4,-1.2,2.31,171.09,3.6,15,24,325.77,-8.2,-15.6,1975,1
2.1,-7.4,-2.5,2.23,155.93,3.62,14,26,325.92,-8.2,-15.9,1975,2
4,-6.4,-1.1,2.69,152.01,3.79,14,24,326.06,-8.2,-16.7,1975,3
6,-6.7,0.2,3.5,46.16,4.14,11,25,326.21,-8.2,-13.9,1975,4
15.3,-2.9,6.8,7.71,17.47,4.91,6,17,326.35,-8.2,-12,1975,5
19,0.3,10.6,9.74,28.56,5.1,8,11,326.49,-8,-11,1975,6
25,5.2,16.8,14.15,33.8,5.57,9,1,326.64,-7.7,-10.5,1975,7
21.8,3.1,13.6,11.45,28.69,5.26,8,5,326.78,-7.6,-11.2,1975,8
22.6,0.5,13,13.07,1.46,5.49,1,10,326.93,-7.8,-10.6,1975,9
11.6,-0.9,6.1,4.91,104.94,4.26,13,13,327.07,-8,-12.6,1975,10
4.1,-5.1,-0.2,2.48,117.63,3.59,13,21,327.22,-8.1,-14.8,1975,11
4.1,-4.6,-0.5,2.38,178,3.48,15,20,327.36,-8.1,-15.7,1975,12
4.1,-6.4,-0.6,2.73,144.8,3.81,14,24,327.5,-8.2,-15.6,1976,1
3.5,-8.8,-1.6,2.91,116.46,4.07,13,29,327.65,-8.2,-15.9,1976,2
5.1,-7.9,-0.7,3.35,84.57,4.17,13,27,327.79,-8.2,-16.7,1976,3
8.3,-5.2,2.2,4.21,46.11,4.28,11,22,327.94,-8.2,-13.9,1976,4
17.3,-2.2,8,9.01,13.76,5.06,6,16,328.08,-8.2,-12,1976,5
18,-0.7,9.3,9.19,13.62,5.04,6,13,328.23,-8,-11,1976,6
24.4,3.4,15.9,14.11,9.96,5.61,5,4,328.37,-7.7,-10.5,1976,7
20.3,5.1,13.9,9.32,100.24,4.95,13,1,328.51,-7.6,-11.2,1976,8
21.3,2.8,13,11.07,16.82,5.2,6,6,328.66,-7.8,-10.6,1976,9
16.4,-2.7,8.4,8.45,22.23,5.08,7,17,328.8,-8,-12.6,1976,10
8.9,-2.3,3.9,3.86,21.9,4.01,7,16,328.95,-8.1,-14.8,1976,11
6.1,-6.9,0,3.57,15.02,4.17,6,25,329.09,-8.1,-15.7,1976,12
3.1,-8.7,-2.5,2.76,23.39,3.99,7,29,329.24,-8.2,-15.6,1977,1
7.3,-5.8,1.3,3.88,38.98,4.21,10,23,329.38,-8.2,-15.9,1977,2
4.8,-7.4,-0.5,3.15,87.74,4.07,13,26,329.52,-8.2,-16.7,1977,3
14.1,-6.4,5.7,7.62,13.59,5.12,6,24,329.67,-8.2,-13.9,1977,4
11.1,-2.6,4.8,5.06,83.8,4.36,13,16,329.81,-8.2,-12,1977,5
23.1,2.1,13.9,13.11,17.31,5.45,6,7,329.96,-8,-11,1977,6
24.1,1.2,15.2,14.48,4.38,5.71,4,9,330.1,-7.7,-10.5,1977,7
26.6,3.3,18.1,16.79,41.75,5.97,10,5,330.25,-7.6,-11.2,1977,8
17.7,1.1,10.4,8.45,59.93,4.9,12,9,330.39,-7.8,-10.6,1977,9
14.5,-0.9,7.5,6.68,40.15,4.64,10,13,330.54,-8,-12.6,1977,10
5.2,-5,0.5,2.87,209.29,3.78,15,21,330.68,-8.1,-14.8,1977,11
2.7,-4.5,-0.9,1.88,261.52,3.11,16,20,330.82,-8.1,-15.7,1977,12
2.6,-4.3,-0.6,1.81,102.28,3.03,13,20,330.97,-8.2,-15.6,1978,1
4.9,-4.2,0.2,2.59,91.31,3.57,13,20,331.11,-8.2,-15.9,1978,2
9.7,-3.4,3.4,4.51,43.42,4.24,10,18,331.26,-8.2,-16.7,1978,3
8.3,-3.5,2.6,3.86,71.95,4.06,12,18,331.4,-8.2,-13.9,1978,4
13.8,-2.3,6.4,6.57,32.11,4.68,9,16,331.55,-8.2,-12,1978,5
20.5,1.5,12.1,10.72,35.67,5.2,9,8,331.69,-8,-11,1978,6
24.3,4.5,16,13.61,27.04,5.51,8,2,331.83,-7.7,-10.5,1978,7
22.6,3.1,14.9,12.26,40.3,5.45,10,5,331.98,-7.6,-11.2,1978,8
16.8,1.3,10.1,7.69,50.67,4.77,12,9,332.12,-7.8,-10.6,1978,9
17.9,-2.4,8.9,9.53,6.38,5.18,5,16,332.27,-8,-12.6,1978,10
4.1,-8.7,-1,3.11,65.4,4.15,12,29,332.41,-8.1,-14.8,1978,11
0.2,-8.9,-4.9,1.91,98.66,3.53,13,29,332.56,-8.1,-15.7,1978,12
-2,-12.7,-6.9,1.84,120.41,3.82,13,37,332.7,-8.2,-15.6,1979,1
1.9,-6.2,-2,1.96,159.72,3.33,14,24,332.84,-8.2,-15.9,1979,2
8.3,-4.8,2.4,4.13,68.3,4.23,12,21,332.99,-8.2,-16.7,1979,3
8.7,-3.4,3.1,4.02,76.46,4.12,13,18,333.13,-8.2,-13.9,1979,4
17.5,-1,8.8,8.87,39.62,5,10,13,333.28,-8.2,-12,1979,5
21.9,0,12.3,12.5,6.96,5.44,5,11,333.42,-8,-11,1979,6
25.3,2,16.2,15.62,3.35,5.8,3,7,333.57,-7.7,-10.5,1979,7
22.8,3,15,12.5,35.39,5.47,9,5,333.71,-7.6,-11.2,1979,8
22.7,1.5,14.1,12.88,14.61,5.51,6,8,333.85,-7.8,-10.6,1979,9
15.5,-0.8,8.6,7.34,109.21,4.81,13,13,334,-8,-12.6,1979,10
4.8,-5,0.4,2.72,106.86,3.71,13,21,334.14,-8.1,-14.8,1979,11
4.7,-5.3,0.2,2.74,81.28,3.74,13,22,334.29,-8.1,-15.7,1979,12
1.3,-8.6,-3.3,2.18,175.96,3.68,15,28,338.45,-8.2,-15.6,1980,1
4.4,-4.2,0.2,2.41,80.32,3.47,13,20,339.15,-8.2,-15.9,1980,2
5.1,-5.8,0.2,2.98,83.93,3.89,13,23,339.47,-8.2,-16.7,1980,3
11.5,-3.1,4.6,5.39,67.55,4.46,12,17,339.86,-8.2,-13.9,1980,4
15.6,-0.4,7.8,7.3,36.71,4.7,9,12,340.29,-8.2,-12,1980,5
16.9,1.8,9.4,7.62,48.93,4.66,11,8,339.86,-8,-11,1980,6
25.1,4.1,16.2,14.68,5.99,5.61,5,3,338.34,-7.7,-10.5,1980,7
23.2,1.3,14.1,13.46,0,5.55,0,9,337.12,-7.6,-11.2,1980,8
20.8,1.3,12.3,11.06,29.59,5.26,8,9,336.95,-7.8,-10.6,1980,9
15.4,-1.9,7.9,7.54,22.07,4.87,7,15,337.71,-8,-12.6,1980,10
6.7,-3.1,2.4,3.07,148.32,3.76,14,17,338.83,-8.1,-14.8,1980,11
6.3,-4.2,1.3,3.14,235.83,3.84,16,20,339.54,-8.1,-15.7,1980,12
3.6,-4.5,0,2.19,51.57,3.36,12,20,340.09,-8.2,-15.6,1981,1
5.1,-6.2,-0.2,3.06,128.89,3.94,14,24,340.65,-8.2,-15.9,1981,2
7.2,-5,1.6,3.68,49.16,4.1,11,21,341.28,-8.2,-16.7,1981,3
10.7,-3.9,4.1,5.13,47.98,4.45,11,19,341.57,-8.2,-13.9,1981,4
14.4,-1.1,7.1,6.67,49.85,4.63,11,13,341.29,-8.2,-12,1981,5
19.3,0.8,11,9.86,59.66,5.1,12,10,340.49,-8,-11,1981,6
24,2,14.9,14.12,8.74,5.61,5,7,339.1,-7.7,-10.5,1981,7
27.6,2.5,17.8,18.37,9.75,5.96,5,6,337.97,-7.6,-11.2,1981,8
21.3,0,12.7,11.91,34.36,5.45,9,11,337.87,-7.8,-10.6,1981,9
12.7,-2.5,5.9,5.94,52.15,4.58,12,16,338.96,-8,-12.6,1981,10
6.9,-3.3,2.2,3.19,174.1,3.82,15,18,340.07,-8.1,-14.8,1981,11
2.2,-4.9,-1.5,1.8,370.17,3.07,19,21,340.64,-8.1,-15.7,1981,12
0.6,-8.4,-3.5,1.94,169.63,3.51,14,28,341.27,-8.2,-15.6,1982,1
2.2,-8.5,-2.7,2.44,177.64,3.82,15,28,341.86,-8.2,-15.9,1982,2
5.9,-6.3,0.4,3.39,104.62,4.08,13,24,342.13,-8.2,-16.7,1982,3
8,-7.2,1.5,4.44,95.04,4.48,13,26,342.42,-8.2,-13.9,1982,4
15.7,-3.3,7.1,8.08,18.33,5,7,18,342.27,-8.2,-12,1982,5
19.8,2.6,11.6,9.74,81.42,4.98,13,6,341.39,-8,-11,1982,6
23,3.5,15,12.55,29.8,5.44,8,4,339.66,-7.7,-10.5,1982,7
24.3,3.6,15.9,13.93,17.01,5.6,6,4,338.02,-7.6,-11.2,1982,8
17.7,1.9,10.6,8.2,67.81,4.82,12,7,338.08,-7.8,-10.6,1982,9
12,-0.7,6,5.09,94.63,4.27,13,13,339.53,-8,-12.6,1982,10
3.3,-5.7,-0.9,2.32,100.76,3.54,13,23,340.86,-8.1,-14.8,1982,11
1.2,-7.4,-2.8,1.95,205.64,3.44,15,26,341.68,-8.1,-15.7,1982,12
3.9,-6.1,-0.2,2.6,117.83,3.74,13,23,342.27,-8.2,-15.6,1983,1
3.8,-4.9,-0.1,2.34,179.65,3.5,15,21,342.64,-8.2,-15.9,1983,2
5.9,-3.4,1.7,2.81,170.97,3.65,15,18,342.93,-8.2,-16.7,1983,3
8.5,-5.5,2.3,4.36,48.12,4.34,11,22,343.42,-8.2,-13.9,1983,4
17,-1.4,8.5,8.58,30.36,4.98,8,14,343.75,-8.2,-12,1983,5
18.4,0.6,10.1,9.16,29.73,4.98,8,10,343.41,-8,-11,1983,6
20.6,3.3,13.1,10.24,30.28,5.11,8,5,342.05,-7.7,-10.5,1983,7
24.6,4.9,16.4,13.8,36.84,5.53,9,1,340.53,-7.6,-11.2,1983,8
18.9,0.4,10.6,9.63,13.39,5.08,6,10,340.44,-7.8,-10.6,1983,9
14.9,-0.6,7.7,6.87,28.64,4.65,8,12,341.67,-8,-12.6,1983,10
4.8,-2.6,1.4,2.2,213.93,3.21,15,16,342.74,-8.1,-14.8,1983,11
-2,-9,-5.6,1.35,273.98,3.01,17,29,343.39,-8.1,-15.7,1983,12
3.7,-6.7,-1,2.64,68.57,3.79,12,25,344.22,-8.2,-15.6,1984,1
5.1,-6.7,-0.1,3.15,137.38,4.02,14,25,344.73,-8.2,-15.9,1984,2
7.1,-4.2,2.1,3.47,104.29,3.99,13,20,344.86,-8.2,-16.7,1984,3
6.9,-5,1.8,3.55,80.51,4.07,13,21,345.09,-8.2,-13.9,1984,4
14,-2.2,6.6,6.68,54.89,4.7,12,16,345.24,-8.2,-12,1984,5
17.7,1.1,9.7,8.45,35.65,4.83,9,9,344.47,-8,-11,1984,6
26.1,3.4,16.8,16.13,21.03,5.76,7,4,343.11,-7.7,-10.5,1984,7
25.4,3.5,16.4,15.24,15.36,5.69,6,4,342.13,-7.6,-11.2,1984,8
18.8,-0.1,11,9.68,36.96,5.17,9,11,342.04,-7.8,-10.6,1984,9
10.2,-2.7,4.6,4.6,101.78,4.27,13,17,342.91,-8,-12.6,1984,10
3.4,-4.2,-0.2,2.05,276.27,3.23,17,20,344.08,-8.1,-14.8,1984,11
0.7,-8.7,-3.3,2.02,99.85,3.6,13,29,344.92,-8.1,-15.7,1984,12
2.3,-9.4,-2.5,2.61,8.95,3.98,5,30,345.27,-8.2,-15.6,1985,1
3.3,-9.4,-2.3,2.94,97.26,4.12,13,30,345.71,-8.2,-15.9,1985,2
6.1,-7.7,0.1,3.71,80.95,4.28,13,27,346.55,-8.2,-16.7,1985,3
13.3,-4.1,5.7,6.66,42.83,4.81,10,19,346.84,-8.2,-13.9,1985,4
16.4,-1.9,8.1,8.26,15.1,4.96,6,15,346.68,-8.2,-12,1985,5
21.9,0.5,12.5,12.36,31.14,5.42,8,10,346.18,-8,-11,1985,6
28.2,2.8,18.7,19.08,9.78,6.06,5,6,344.86,-7.7,-10.5,1985,7
23.3,2.2,15.3,13.29,12.07,5.62,6,7,343.37,-7.6,-11.2,1985,8
15.7,0,9,7.26,55.18,4.76,12,11,343.3,-7.8,-10.6,1985,9
13.3,-3.2,6.3,6.47,77.98,4.74,13,18,344.56,-8,-12.6,1985,10
1.3,-9.4,-3.2,2.3,98.46,3.82,13,30,345.69,-8.1,-14.8,1985,11
4,-9.2,-2,3.15,79.71,4.18,13,30,346.45,-8.1,-15.7,1985,12
5,-5.3,1,2.85,150.79,3.82,14,22,347.01,-8.2,-15.6,1986,1
3.9,-5.4,-0.3,2.47,260.04,3.61,16,22,347.23,-8.2,-15.9,1986,2
9.7,-2.4,3.8,4.28,81.46,4.12,13,16,347.6,-8.2,-16.7,1986,3
9.9,-4.3,3.1,4.8,30.19,4.38,8,20,348.13,-8.2,-13.9,1986,4
15.6,-0.9,7.8,7.43,26.97,4.76,8,13,348.23,-8.2,-12,1986,5
23.8,1.8,14.4,13.96,10.91,5.57,5,8,347.68,-8,-11,1986,6
21.9,2,13.9,11.91,16.07,5.42,6,7,346.22,-7.7,-10.5,1986,7
27.8,2.5,18.6,18.64,2.39,6.08,2,6,344.84,-7.6,-11.2,1986,8
15.8,0.7,9.7,7.14,80.29,4.73,13,10,344.77,-7.8,-10.6,1986,9
15.9,-1.1,8.4,7.7,32.39,4.85,9,13,345.95,-8,-12.6,1986,10
5.9,-3,2.2,2.72,138.53,3.59,14,17,347.22,-8.1,-14.8,1986,11
3.6,-6.2,-0.6,2.51,37.53,3.7,9,24,347.68,-8.1,-15.7,1986,12
2.2,-8.2,-2.2,2.39,139.53,3.78,14,28,347.94,-8.2,-15.6,1987,1
5,-5.8,0,2.95,118.83,3.87,13,23,348.49,-8.2,-15.9,1987,2
7,-4.7,1.8,3.53,63.07,4.04,12,21,349.21,-8.2,-16.7,1987,3
15.5,-3.8,7.4,8.05,20.2,5.06,7,19,349.91,-8.2,-13.9,1987,4
17,0.3,9.5,8.13,51.65,4.86,12,11,350.2,-8.2,-12,1987,5
23.3,1.7,13.7,13.45,12.91,5.48,6,8,349.41,-8,-11,1987,6
21.6,4,14.2,10.95,108.92,5.21,13,3,347.81,-7.7,-10.5,1987,7
25.2,1.6,16.1,15.62,2.22,5.81,2,8,346.57,-7.6,-11.2,1987,8
22.8,-0.9,13.9,13.65,1.85,5.7,2,13,346.65,-7.8,-10.6,1987,9
19.3,-5.2,10.6,11.3,1.41,5.6,1,22,347.93,-8,-12.6,1987,10
5.9,-2.5,1.7,2.6,59.77,3.46,12,16,349.2,-8.1,-14.8,1987,11
-0.3,-8,-4,1.63,220.3,3.21,16,27,350.16,-8.1,-15.7,1987,12
0.6,-7.5,-3.1,1.8,138.33,3.32,14,26,350.87,-8.2,-15.6,1988,1
7.6,-7.7,1.3,4.34,38.11,4.49,9,27,351.43,-8.2,-15.9,1988,2
7.4,-6.2,1.2,3.99,89.15,4.27,13,24,351.81,-8.2,-16.7,1988,3
11.6,-2.1,5.2,5.21,78.62,4.37,13,15,352.26,-8.2,-13.9,1988,4
14.4,-1.5,6.9,6.77,41.96,4.67,10,14,352.43,-8.2,-12,1988,5
18.5,2.8,11.2,8.56,53.85,4.82,12,6,351.75,-8,-11,1988,6
24.8,2.6,16.7,14.84,0.4,5.79,1,6,350.27,-7.7,-10.5,1988,7
24.9,0.8,16.2,15.51,3.64,5.87,3,10,349.07,-7.6,-11.2,1988,8
20.9,-1.7,12.5,11.97,13.96,5.56,6,15,349.27,-7.8,-10.6,1988,9
20.7,1.2,12.4,11,0.27,5.28,1,9,350.45,-8,-12.6,1988,10
6.7,-2.4,2.2,2.9,278.81,3.61,17,16,351.63,-8.1,-14.8,1988,11
3.4,-7.3,-0.9,2.64,97.03,3.85,13,26,352.48,-8.1,-15.7,1988,12
3.6,-6.4,-0.9,2.55,132.96,3.73,14,24,353.03,-8.2,-15.6,1989,1
0.5,-12.2,-5.3,2.44,55.85,4.11,12,36,353.49,-8.2,-15.9,1989,2
6.2,-4.8,1.3,3.22,182.69,3.92,15,21,354.04,-8.2,-16.7,1989,3
12.9,-3,6.2,6.18,76.89,4.67,13,17,354.42,-8.2,-13.9,1989,4
14.3,-1.2,6.9,6.63,39.52,4.62,10,14,354.23,-8.2,-12,1989,5
21.6,0.5,12.7,12.06,7.73,5.43,5,10,353.29,-8,-11,1989,6
23.4,2.9,14.8,13.17,5.34,5.49,5,5,351.58,-7.7,-10.5,1989,7
21.7,3.7,14.1,11.15,41.67,5.24,10,4,350.19,-7.6,-11.2,1989,8
20.7,-1.4,11.9,11.71,15.17,5.47,6,14,350.52,-7.8,-10.6,1989,9
13.1,-1.9,6.3,6.04,52.69,4.56,12,15,351.81,-8,-12.6,1989,10
7.4,-3.5,2.5,3.45,57.35,3.93,12,18,352.99,-8.1,-14.8,1989,11
6.1,-6.7,0.5,3.54,39.73,4.16,10,25,353.84,-8.1,-15.7,1989,12
2.3,-5.2,-1.2,1.89,194.79,3.19,15,22,354.4,-8.2,-15.6,1990,1
2.2,-8.1,-3.1,2.38,130.38,3.75,14,27,354.78,-8.2,-15.9,1990,2
8.3,-5.3,1.8,4.23,46.59,4.28,11,22,355.09,-8.2,-16.7,1990,3
14,-1.8,6.5,6.58,79.1,4.65,13,15,355.41,-8.2,-13.9,1990,4
13.8,-2,6.4,6.5,56.06,4.65,12,15,355.31,-8.2,-12,1990,5
19,2.4,11.1,9.11,21.79,4.9,7,6,354.23,-8,-11,1990,6
25.6,4.4,17.3,15.17,8.39,5.74,5,2,352.62,-7.7,-10.5,1990,7
23.8,5.3,16.2,12.75,47.75,5.43,11,1,351.5,-7.6,-11.2,1990,8
22.9,3.6,14.2,12.41,13.06,5.33,6,4,351.71,-7.8,-10.6,1990,9
12.9,-2.3,5.8,6.02,43.4,4.56,10,16,353.1,-8,-12.6,1990,10
5.3,-3.6,1.1,2.61,77.23,3.55,13,18,354.36,-8.1,-14.8,1990,11
-1.5,-10.5,-6.3,1.69,79.56,3.51,13,32,355.1,-8.1,-15.7,1990,12
3.9,-8.8,-1.1,3.05,80.48,4.13,13,29,355.67,-8.2,-15.6,1991,1
8.2,-4.5,3,4.02,56.1,4.21,12,20,356.08,-8.2,-15.9,1991,2
4.2,-5.1,-0.8,2.52,134.59,3.59,14,21,356.57,-8.2,-16.7,1991,3
7.8,-3.9,2.2,3.72,85.17,4.04,13,19,357.09,-8.2,-13.9,1991,4
11.9,-2.3,5.2,5.43,65.21,4.43,12,16,357.01,-8.2,-12,1991,5
16.5,0.7,8.9,7.64,45.4,4.72,10,10,356.08,-8,-11,1991,6
25.2,4.1,16.2,14.8,17.2,5.61,6,3,354.43,-7.7,-10.5,1991,7
25.3,3.6,16.6,15.09,19.97,5.7,7,4,352.95,-7.6,-11.2,1991,8
23.5,-1.2,14.1,14.48,5.83,5.75,5,14,352.82,-7.8,-10.6,1991,9
16.4,-3,8,8.52,52.72,5.08,12,17,353.9,-8,-12.6,1991,10
5.1,-1.5,1.2,2.05,202.32,2.94,15,14,355.06,-8.1,-14.8,1991,11
2.7,-5.8,-1.7,2.14,78.92,3.42,13,23,355.85,-8.1,-15.7,1991,12
3.2,-5.9,-1.1,2.32,69.42,3.56,12,23,356.42,-8.2,-15.6,1992,1
6.5,-3.8,1.7,3.14,70.73,3.82,12,19,356.81,-8.2,-15.9,1992,2
10.7,-3.6,4,5.07,16.32,4.41,6,18,357.16,-8.2,-16.7,1992,3
12,-2,5.6,5.42,122.98,4.42,14,15,357.65,-8.2,-13.9,1992,4
20.6,-0.1,11,11.27,21.69,5.27,7,11,357.73,-8.2,-12,1992,5
22.8,1.7,13.9,12.92,24.65,5.48,7,8,356.77,-8,-11,1992,6
23,3,15.2,12.71,23.9,5.51,7,5,355.09,-7.7,-10.5,1992,7
26.3,-0.6,17,17.59,4.53,6.05,4,12,353.58,-7.6,-11.2,1992,8
20.2,1.1,11.6,10.57,44.53,5.19,10,9,353.48,-7.8,-10.6,1992,9
15.9,-2.7,8.8,8.08,35.14,5.07,9,17,354.7,-8,-12.6,1992,10
4.6,-4.4,0.4,2.52,151.62,3.56,14,20,355.88,-8.1,-14.8,1992,11
-0.4,-7.8,-4.2,1.57,200.4,3.13,15,27,356.63,-8.1,-15.7,1992,12
-1.2,-10.9,-5.7,1.82,151.93,3.64,14,33,357.08,-8.2,-15.6,1993,1
0.7,-9.4,-4.8,2.12,74.14,3.71,12,30,357.42,-8.2,-15.9,1993,2
7.2,-3.6,2.1,3.39,125.14,3.9,14,18,357.83,-8.2,-16.7,1993,3
8.3,-3.1,2.7,3.77,80.93,4,13,17,358.29,-8.2,-13.9,1993,4
16.9,-0.1,9.1,8.17,72.81,4.87,12,11,358.24,-8.2,-12,1993,5
17.5,2.3,9.7,7.92,47.71,4.67,11,7,357.22,-8,-11,1993,6
18.6,3,11.4,8.58,15.84,4.82,6,5,355.62,-7.7,-10.5,1993,7
21.7,3.6,13.9,11.19,29.57,5.23,8,4,354.34,-7.6,-11.2,1993,8
22.1,-0.7,13.4,12.88,2.38,5.61,2,13,354.35,-7.8,-10.6,1993,9
15.9,0.3,9.3,7.32,21.34,4.76,7,11,355.59,-8,-12.6,1993,10
4.5,-8.2,-1.2,3.17,38.45,4.12,9,28,356.83,-8.1,-14.8,1993,11
3.9,-6.4,-1.1,2.65,97.94,3.77,13,24,357.72,-8.1,-15.7,1993,12
4.7,-4.6,-0.1,2.6,97.05,3.6,13,20,358.34,-8.2,-15.6,1994,1
2.6,-8.1,-2.1,2.5,68.9,3.83,12,27,358.87,-8.2,-15.9,1994,2
9.5,-6.4,2.8,5.01,48.19,4.58,11,24,359.22,-8.2,-16.7,1994,3
11.5,-1.5,4.9,5.01,42.38,4.26,10,14,359.57,-8.2,-13.9,1994,4
16.4,0.7,8.9,7.57,27.64,4.72,8,10,359.61,-8.2,-12,1994,5
19.6,1.7,11.2,9.85,18.22,5.03,7,8,358.68,-8,-11,1994,6
27.2,2.4,17.6,17.87,9.71,5.96,5,6,357.15,-7.7,-10.5,1994,7
25.3,3.4,15.7,15.16,0,5.62,0,4,355.93,-7.6,-11.2,1994,8
22.4,1.1,13.9,12.69,20.3,5.52,7,9,355.89,-7.8,-10.6,1994,9
12.9,-2,6.1,5.95,77.08,4.54,13,15,357.13,-8,-12.6,1994,10
0.6,-6,-3.4,1.53,168.97,2.89,14,23,358.57,-8.1,-14.8,1994,11
0.9,-6.7,-2.9,1.75,90.92,3.19,13,25,359.44,-8.1,-15.7,1994,12
1.3,-6.4,-1.8,1.81,182.17,3.24,15,24,360.01,-8.2,-15.6,1995,1
8.1,-4.2,2.6,3.91,105.51,4.14,13,20,360.45,-8.2,-15.9,1995,2
5.4,-6.3,0,3.19,112.94,4,13,24,360.88,-8.2,-16.7,1995,3
9,-4.2,2.7,4.33,78.18,4.25,13,20,361.35,-8.2,-13.9,1995,4
15.4,-0.7,7.4,7.24,49.68,4.7,11,13,361.32,-8.2,-12,1995,5
18.1,1.6,10.5,8.62,38.89,4.87,10,8,360.47,-8,-11,1995,6
22.9,5.7,15.3,11.63,47.92,5.22,11,0,358.85,-7.7,-10.5,1995,7
22.5,2.8,14,12.26,10.28,5.37,5,6,357.57,-7.6,-11.2,1995,8
22.1,2.5,13.8,11.95,16.55,5.35,6,6,357.9,-7.8,-10.6,1995,9
13.3,-1.4,6.1,6.04,43.58,4.5,10,14,359.29,-8,-12.6,1995,10
7.2,-1.2,3.5,2.82,198.48,3.51,15,14,360.62,-8.1,-14.8,1995,11
1.7,-4.2,-1.6,1.5,277.03,2.65,17,20,361.5,-8.1,-15.7,1995,12
1.7,-5,-1.5,1.67,245.47,2.94,16,21,361.99,-8.2,-15.6,1996,1
3.1,-7.8,-2,2.62,184.89,3.86,15,27,362.35,-8.2,-15.9,1996,2
7.6,-5.4,1.4,3.93,46.77,4.19,11,22,362.67,-8.2,-16.7,1996,3
10.5,-3,4.2,4.83,124.76,4.32,14,17,363,-8.2,-13.9,1996,4
13.2,-2.1,6,6.15,77.82,4.58,13,15,363.15,-8.2,-12,1996,5
20.2,0.7,11.4,10.68,18.81,5.21,7,10,362.74,-8,-11,1996,6
26.7,3.9,17.5,16.71,15.11,5.83,6,3,361.43,-7.7,-10.5,1996,7
26,2.6,16.8,16.27,15.33,5.83,6,6,359.92,-7.6,-11.2,1996,8
18.8,0.6,10.8,9.49,29.23,5.07,8,10,359.56,-7.8,-10.6,1996,9
13,-1.1,6.8,5.78,102.08,4.48,13,13,360.52,-8,-12.6,1996,10
5.9,-2.5,1.7,2.6,236.4,3.46,16,16,361.63,-8.1,-14.8,1996,11
1.1,-4.8,-2,1.45,422.86,2.65,20,21,362.49,-8.1,-15.7,1996,12
1.7,-6.1,-2.5,1.88,199.04,3.25,15,23,363.13,-8.2,-15.6,1997,1
3.4,-6,-1.2,2.41,117.91,3.61,13,23,363.51,-8.2,-15.9,1997,2
7.1,-4.5,1.5,3.53,139.86,4.01,14,20,363.86,-8.2,-16.7,1997,3
8.8,-3.8,2.7,4.15,102.54,4.17,13,19,364.34,-8.2,-13.9,1997,4
18.3,1,9.9,8.96,25.03,4.91,8,9,364.38,-8.2,-12,1997,5
18.5,2.5,10.5,8.66,35.51,4.79,9,6,363.49,-8,-11,1997,6
23.4,4.8,15.2,12.51,33.69,5.34,9,2,361.81,-7.7,-10.5,1997,7
24.9,6,16.5,13.73,12.12,5.43,6,0,360.28,-7.6,-11.2,1997,8
19.7,3.3,12.2,9.42,49.62,4.95,11,5,360.27,-7.8,-10.6,1997,9
12,-1.9,6.1,5.39,127.38,4.44,14,15,361.79,-8,-12.6,1997,10
5.2,-1.5,2,2.09,47.55,3.01,11,14,363.46,-8.1,-14.8,1997,11
1.8,-7.2,-2.4,2.1,59.15,3.52,12,26,364.51,-8.1,-15.7,1997,12
2.6,-4.1,-0.5,1.77,208.02,2.96,15,19,365.07,-8.2,-15.6,1998,1
2.2,-5,-1.3,1.82,118.64,3.1,13,21,365.43,-8.2,-15.9,1998,2
6.3,-4.3,1,3.16,94.52,3.85,13,20,365.82,-8.2,-16.7,1998,3
9.7,-3.6,3.4,4.55,45.44,4.27,10,18,366.41,-8.2,-13.9,1998,4
11.5,0.5,5.7,4.48,101.5,4.01,13,10,366.71,-8.2,-12,1998,5
19.3,3.1,11.2,9.14,19.09,4.85,7,5,366.11,-8,-11,1998,6
27,7,18.1,15.9,26.78,5.63,8,0,364.68,-7.7,-10.5,1998,7
26.7,3.9,16.9,16.71,17.55,5.76,6,3,363.63,-7.6,-11.2,1998,8
23.1,2.6,14.2,12.95,14.91,5.44,6,6,363.86,-7.8,-10.6,1998,9
13.3,-2.5,6.2,6.31,22.69,4.65,7,16,365.16,-8,-12.6,1998,10
3.4,-3,0.5,1.79,232.14,2.88,16,17,366.42,-8.1,-14.8,1998,11
0.2,-8.5,-3.9,1.84,188.55,3.45,15,28,367.29,-8.1,-15.7,1998,12
3.3,-7.5,-0.7,2.64,161.59,3.87,14,26,367.95,-8.2,-15.6,1999,1
0.8,-6.7,-2.9,1.72,228.07,3.17,16,25,368.34,-8.2,-15.9,1999,2
4.7,-6.5,-0.4,2.96,99.11,3.92,13,24,368.73,-8.2,-16.7,1999,3
8.7,-6.2,1.8,4.58,41.3,4.44,10,24,369.12,-8.2,-13.9,1999,4
13.7,-2.6,5.8,6.58,42.51,4.68,10,16,369.03,-8.2,-12,1999,5
18.7,0.9,10.2,9.32,9.19,4.98,5,9,368.2,-8,-11,1999,6
24.4,1.3,15,14.78,3.23,5.69,3,9,366.53,-7.7,-10.5,1999,7
24.1,5.9,16.1,12.85,62.27,5.37,12,0,365.16,-7.6,-11.2,1999,8
21.2,-2.2,11.9,12.38,0,5.55,0,16,365.27,-7.8,-10.6,1999,9
16.8,-3.7,8.1,8.97,61.89,5.18,12,19,366.58,-8,-12.6,1999,10
7.5,-1.7,3.4,3.08,127.04,3.68,14,15,367.89,-8.1,-14.8,1999,11
2.8,-5.9,-1.3,2.19,108.59,3.47,13,23,368.72,-8.1,-15.7,1999,12
1,-6,-3,1.65,195.85,3.02,15,23,369.21,-8.2,-15.6,2000,1
3.6,-3.9,-0.3,2.06,141.07,3.2,14,19,369.45,-8.2,-15.9,2000,2
6.2,-5.7,0.1,3.4,69.3,4.02,12,23,369.78,-8.2,-16.7,2000,3
13.1,-2.2,5.7,6.11,36.72,4.56,9,16,370.17,-8.2,-13.9,2000,4
14.9,-0.7,7.5,6.9,32.69,4.66,9,13,370.08,-8.2,-12,2000,5
21.9,-0.4,12.7,12.6,13.02,5.52,6,12,369.17,-8,-11,2000,6
24,3.1,15.2,13.76,7.73,5.54,5,5,367.79,-7.7,-10.5,2000,7
26.2,1.5,16.1,16.87,0,5.83,0,8,366.63,-7.6,-11.2,2000,8
20.2,0.6,11.8,10.71,8.34,5.26,5,10,366.57,-7.8,-10.6,2000,9
12.9,-2.1,6.3,5.97,64.87,4.57,12,15,367.78,-8,-12.6,2000,10
3.3,-6.9,-1.3,2.54,45.46,3.76,10,25,369.12,-8.1,-14.8,2000,11
2.7,-6.5,-1.8,2.27,100.44,3.57,13,24,369.93,-8.1,-15.7,2000,12
2.4,-7.8,-1.8,2.39,33.16,3.75,9,27,370.52,-8.2,-15.6,2001,1
2.9,-7.9,-2.2,2.57,52.66,3.84,12,27,371.01,-8.2,-15.9,2001,2
7.9,-4.7,1.9,3.93,67.65,4.15,12,21,371.4,-8.2,-16.7,2001,3
8.2,-5.3,2.2,4.18,41.9,4.28,10,22,371.72,-8.2,-13.9,2001,4
19.7,-2.7,10.2,11.11,33.17,5.4,9,17,371.63,-8.2,-12,2001,5
19.1,-0.2,10.5,9.97,25.81,5.16,8,12,370.7,-8,-11,2001,6
24.4,3.2,15.3,14.18,18.24,5.56,7,5,369.3,-7.7,-10.5,2001,7
26.6,3.8,17.6,16.62,13.53,5.85,6,4,368.15,-7.6,-11.2,2001,8
22.9,0,14.2,13.52,18.68,5.66,7,11,368.2,-7.8,-10.6,2001,9
15.3,-2.8,7.6,7.69,64.77,4.95,12,17,369.55,-8,-12.6,2001,10
6.4,-2.8,2.2,2.87,152.38,3.64,14,17,370.9,-8.1,-14.8,2001,11
0.6,-5.8,-3.2,1.5,176.26,2.82,15,23,371.81,-8.1,-15.7,2001,12
1.6,-5.8,-2.6,1.79,163.3,3.14,14,23,372.34,-8.2,-15.6,2002,1
5.3,-6.9,-0.6,3.26,65.96,4.06,12,25,372.73,-8.2,-15.9,2002,2
5.3,-7.6,-0.6,3.38,83.4,4.16,13,26,373.22,-8.2,-16.7,2002,3
11.8,-4.8,4.6,5.92,51.91,4.7,12,21,373.56,-8.2,-13.9,2002,4
15.3,-5.2,7.2,8.19,12.21,5.17,6,22,373.54,-8.2,-12,2002,5
22,1.1,12.9,12.28,10.9,5.4,5,9,372.66,-8,-11,2002,6
27.5,3.8,17.9,17.8,2.84,5.9,3,4,371.24,-7.7,-10.5,2002,7
24.7,0.4,15.2,15.39,8.48,5.78,5,10,370.18,-7.6,-11.2,2002,8
22.2,-0.8,12.5,13.01,7.96,5.54,5,13,370.5,-7.8,-10.6,2002,9
14.1,-5.1,5.6,7.37,12.62,4.98,6,21,371.78,-8,-12.6,2002,10
8.4,-6.5,2.3,4.5,59.15,4.46,12,24,373.11,-8.1,-14.8,2002,11
3.4,-4.5,-0.7,2.12,171.23,3.29,15,20,374.09,-8.1,-15.7,2002,12
5.6,-2.6,1.5,2.51,145.09,3.41,14,16,374.76,-8.2,-15.6,2003,1
5,-7.7,-1,3.28,46.02,4.12,11,27,375.28,-8.2,-15.9,2003,2
7.1,-3.8,1.7,3.39,130,3.91,14,19,375.72,-8.2,-16.7,2003,3
7.9,-4.1,2.3,3.8,59.21,4.08,12,19,376.2,-8.2,-13.9,2003,4
15.3,-1.4,7.4,7.35,28.1,4.77,8,14,376.37,-8.2,-12,2003,5
23.3,-0.6,12.8,14.1,1.35,5.57,1,12,375.53,-8,-11,2003,6
28.9,2.9,19,20.04,0.47,6.1,1,5,373.99,-7.7,-10.5,2003,7
26.4,3,17.4,16.64,12.58,5.88,6,5,372.74,-7.6,-11.2,2003,8
23.3,0,13.7,13.94,30.1,5.62,8,11,372.9,-7.8,-10.6,2003,9
16.2,-1.2,8.8,7.94,33.71,4.92,9,14,374.18,-8,-12.6,2003,10
2.7,-5.6,-1.5,2.1,119.3,3.38,13,22,375.47,-8.1,-14.8,2003,11
1.6,-4.3,-1.7,1.49,204.81,2.65,15,20,376.33,-8.1,-15.7,2003,12
2.3,-4.9,-1.4,1.83,175,3.1,15,21,377.02,-8.2,-15.6,2004,1
3.9,-5.6,-1,2.51,103.04,3.63,13,22,377.53,-8.2,-15.9,2004,2
10.7,-4.3,3.7,5.21,42.59,4.48,10,20,377.96,-8.2,-16.7,2004,3
12.7,-3.6,5,6.19,39.51,4.66,10,18,378.3,-8.2,-13.9,2004,4
15,-0.6,7.7,6.94,59.94,4.67,12,12,378.23,-8.2,-12,2004,5
20.2,-0.1,11.4,10.91,27.96,5.29,8,11,377.35,-8,-11,2004,6
26.3,3,17.5,16.52,3.63,5.89,3,5,375.81,-7.7,-10.5,2004,7
25.1,4.4,16.8,14.57,73.7,5.65,12,2,374.33,-7.6,-11.2,2004,8
18.8,1.8,10.9,9.13,27.03,4.94,8,8,374.22,-7.8,-10.6,2004,9
13.4,-1.8,6.8,6.2,58.84,4.61,12,15,375.56,-8,-12.6,2004,10
6.5,-4.5,1.3,3.28,25.02,3.92,8,20,377.03,-8.1,-14.8,2004,11
3.9,-5.1,-0.2,2.41,148.19,3.55,14,21,377.99,-8.1,-15.7,2004,12
3.2,-5.8,-1,2.3,50.74,3.54,12,23,378.55,-8.2,-15.6,2005,1
6.5,-7.8,-0.3,3.89,25.11,4.34,8,27,379.09,-8.2,-15.9,2005,2
8.4,-5.7,2.9,4.35,92.58,4.39,13,23,379.69,-8.2,-16.7,2005,3
9.3,-3.3,3.3,4.29,58.3,4.18,12,18,380.16,-8.2,-13.9,2005,4
14.9,1,8.1,6.42,117.23,4.48,13,9,380.27,-8.2,-12,2005,5
16.9,0.9,9,7.89,21.92,4.74,7,9,379.45,-8,-11,2005,6
26.7,2.2,17.3,17.28,5.86,5.93,5,7,377.78,-7.7,-10.5,2005,7
26.6,0,17.2,17.8,2.29,6.04,2,11,376.55,-7.6,-11.2,2005,8
19.8,-1.4,10.9,10.89,10.75,5.35,5,14,376.58,-7.8,-10.6,2005,9
14.3,-0.5,7.5,6.44,38.38,4.57,9,12,377.89,-8,-12.6,2005,10
5.6,-4,0.8,2.82,170.83,3.68,15,19,379.36,-8.1,-14.8,2005,11
1.8,-7,-2.5,2.07,260.22,3.48,16,25,380.34,-8.1,-15.7,2005,12
2.8,-4.3,-0.5,1.87,269.45,3.08,17,20,381.09,-8.2,-15.6,2006,1
3.6,-9.4,-2.1,3.04,84.78,4.16,13,30,381.71,-8.2,-15.9,2006,2
4.5,-7,-0.9,2.98,78.16,3.96,13,25,382.12,-8.2,-16.7,2006,3
10.2,-3.5,4,4.78,51.48,4.35,12,18,382.46,-8.2,-13.9,2006,4
17.2,-2.2,8.8,8.93,23.06,5.11,7,16,382.41,-8.2,-12,2006,5
21.2,2.6,12.5,11.04,53.44,5.17,12,6,381.55,-8,-11,2006,6
27.7,3.4,18.4,18.2,2.84,5.99,3,4,379.88,-7.7,-10.5,2006,7
25.1,1,15.7,15.68,7.42,5.8,5,9,378.3,-7.6,-11.2,2006,8
21.9,-1.8,12.3,12.96,9.27,5.58,5,15,378.42,-7.8,-10.6,2006,9
14.6,-3.5,6.9,7.37,25.44,4.92,8,18,379.84,-8,-12.6,2006,10
4.5,-3.4,0.7,2.27,227.02,3.32,16,18,381.21,-8.1,-14.8,2006,11
2.8,-7.2,-1.8,2.42,201.81,3.71,15,26,382.18,-8.1,-15.7,2006,12
2.3,-9,-2.9,2.55,90.59,3.91,13,29,382.81,-8.2,-15.6,2007,1
4.8,-5.9,0,2.89,109.42,3.86,13,23,383.31,-8.2,-15.9,2007,2
10.4,-4.6,3.9,5.12,48.33,4.5,11,20,383.78,-8.2,-16.7,2007,3
11.2,-3.8,4,5.38,48.06,4.49,11,19,384.04,-8.2,-13.9,2007,4
17.1,-1.8,8.7,8.76,13.77,5.05,6,15,383.91,-8.2,-12,2007,5
20.1,1.1,11.7,10.48,17.53,5.18,6,9,383.08,-8,-11,2007,6
25.8,5.2,17.6,15.11,13.55,5.71,6,1,381.36,-7.7,-10.5,2007,7
23.7,3.1,15.1,13.43,18.78,5.52,7,5,380.06,-7.6,-11.2,2007,8
19,-0.4,11.1,9.93,10.63,5.22,5,12,380.44,-7.8,-10.6,2007,9
11.5,-1.6,5.5,5.04,119.14,4.31,13,14,381.86,-8,-12.6,2007,10
7.2,-4.3,1.9,3.54,142.19,4,14,20,383.2,-8.1,-14.8,2007,11
0.7,-6.4,-3.3,1.63,203.03,3.04,15,24,384.21,-8.1,-15.7,2007,12
0.5,-8.9,-4.1,1.99,182.37,3.59,15,29,384.98,-8.2,-15.6,2008,1
5.3,-6.1,0.1,3.11,103.41,3.96,13,23,385.49,-8.2,-15.9,2008,2
5.4,-8,-0.3,3.48,91.05,4.23,13,27,385.89,-8.2,-16.7,2008,3
8.1,-7.4,1.6,4.52,33.9,4.52,9,26,386.29,-8.2,-13.9,2008,4
15.1,-0.2,8.1,6.9,64.67,4.65,12,12,386.26,-8.2,-12,2008,5
19.3,-0.3,10.8,10.16,14.59,5.2,6,12,385.35,-8,-11,2008,6
25.4,2.3,16.4,15.64,1.67,5.8,2,7,383.87,-7.7,-10.5,2008,7
24.6,3.9,16.6,14.17,27,5.65,8,3,382.54,-7.6,-11.2,2008,8
21.3,-1.5,12.8,12.3,6.26,5.59,5,14,382.3,-7.8,-10.6,2008,9
14.1,-2.2,7.4,6.74,35.83,4.76,9,16,383.43,-8,-12.6,2008,10
7.9,-1.8,3.8,3.28,99.73,3.78,13,15,384.93,-8.1,-14.8,2008,11
1.4,-7.9,-3.1,2.1,201.08,3.57,15,27,386.01,-8.1,-15.7,2008,12
4.5,-7,-0.9,2.98,85.52,3.96,13,25,386.8,-8.2,-15.6,2009,1
4.5,-6.4,-0.4,2.87,71.32,3.88,12,24,387.26,-8.2,-15.9,2009,2
4.2,-5.4,-0.6,2.57,105.29,3.66,13,22,387.49,-8.2,-16.7,2009,3
9.9,-5.5,3,5.04,41.06,4.52,10,22,387.77,-8.2,-13.9,2009,4
16.8,-1.1,8.9,8.36,59.83,4.96,12,13,387.74,-8.2,-12,2009,5
19.3,3.1,11.8,9.14,61.1,4.91,12,5,386.73,-8,-11,2009,6
27.2,1.7,17.8,18.09,2.22,6.03,2,8,384.8,-7.7,-10.5,2009,7
25.4,2.1,16.9,15.7,8.9,5.87,5,7,383.42,-7.6,-11.2,2009,8
23.9,-0.9,14.8,14.84,1.66,5.8,2,13,383.73,-7.8,-10.6,2009,9
10.6,-2,4.7,4.65,81.48,4.22,13,15,385.29,-8,-12.6,2009,10
5.4,-4.9,1.2,2.92,90.01,3.82,13,21,386.75,-8.1,-14.8,2009,11
0.5,-9.6,-4.2,2.09,92.07,3.71,13,30,387.64,-8.1,-15.7,2009,12
3.9,-3.3,0.8,2.03,114.56,3.14,13,18,388.42,-8.2,-15.6,2010,1
4.8,-4.6,0.4,2.64,46.4,3.64,11,20,389.13,-8.2,-15.9,2010,2
8.2,-6.5,1.7,4.4,84.54,4.42,13,24,389.47,-8.2,-16.7,2010,3
8.7,-5.5,2.4,4.45,79.56,4.37,13,22,389.77,-8.2,-13.9,2010,4
12.1,-3.1,5.3,5.73,39.88,4.56,10,17,389.74,-8.2,-12,2010,5
17.6,1.8,9.9,8.16,67.08,4.76,12,8,388.8,-8,-11,2010,6
24.8,1.9,16,15.06,6.55,5.77,5,7,387.16,-7.7,-10.5,2010,7
23.4,1.3,15.2,13.68,14.6,5.69,6,9,386.04,-7.6,-11.2,2010,8
19.7,3.6,12.1,9.32,51.07,4.9,12,4,386.51,-7.8,-10.6,2010,9
14.2,-0.5,7.6,6.38,97.24,4.57,13,12,388.06,-8,-12.6,2010,10
4.4,-3.8,0.5,2.32,105.78,3.39,13,19,389.44,-8.1,-14.8,2010,11
1.5,-4.6,-1.9,1.53,220.8,2.73,16,20,390.19,-8.1,-15.7,2010,12
4.5,-5.7,-0.4,2.74,106.07,3.76,13,23,390.75,-8.2,-15.6,2011,1
2.7,-8.2,-2.5,2.55,93.56,3.85,13,28,391.15,-8.2,-15.9,2011,2
3.9,-4,0.1,2.19,153.37,3.31,14,19,391.46,-8.2,-16.7,2011,3
7.3,-5.7,1.2,3.86,74.89,4.19,13,23,391.84,-8.2,-13.9,2011,4
12,-2.9,5.1,5.63,48.11,4.51,11,17,391.88,-8.2,-12,2011,5
18,0.8,9.8,8.77,24.64,4.91,7,10,390.94,-8,-11,2011,6
21.9,3.1,14,11.55,24.54,5.31,7,5,389,-7.7,-10.5,2011,7
25.3,3.6,16.6,15.09,4.57,5.71,4,4,387.66,-7.6,-11.2,2011,8
23.9,1.2,14.7,14.25,9.4,5.65,5,9,388.08,-7.8,-10.6,2011,9
13.9,-0.7,7.3,6.24,35.42,4.55,9,13,389.65,-8,-12.6,2011,10
4.3,-5.7,0.1,2.67,84.08,3.75,13,23,391.01,-8.1,-14.8,2011,11
4.7,-9.1,-1.1,3.39,110.11,4.27,13,29,391.85,-8.1,-15.7,2011,12
3.8,-7.2,-1,2.76,212.54,3.89,15,26,392.42,-8.2,-15.6,2012,1
3.8,-7.3,-1.4,2.78,87.8,3.89,13,26,392.99,-8.2,-15.9,2012,2
4.8,-6.4,0.1,2.98,194.41,3.94,15,24,393.53,-8.2,-16.7,2012,3
10.9,-3.4,4.5,5.13,65.97,4.43,12,18,393.8,-8.2,-13.9,2012,4
15.6,-3.2,7.4,7.99,51.23,5,12,18,393.67,-8.2,-12,2012,5
17.5,1.3,9.9,8.23,49.82,4.81,11,9,392.63,-8,-11,2012,6
24.2,3.8,16.2,13.75,9.71,5.61,5,4,390.8,-7.7,-10.5,2012,7
26.4,2.1,17.3,16.93,4.56,5.93,4,7,389.69,-7.6,-11.2,2012,8
23.3,-1.3,14.6,14.29,1.86,5.81,2,14,390.35,-7.8,-10.6,2012,9
13.9,-3.2,7.2,6.84,87.8,4.85,13,18,391.96,-8,-12.6,2012,10
5.9,-2,2.1,2.48,137.16,3.35,14,15,393.37,-8.1,-14.8,2012,11
0.7,-6.2,-2.6,1.6,241.36,3,16,24,394.18,-8.1,-15.7,2012,12
3.4,-8.9,-2.3,2.89,61.48,4.06,12,29,394.87,-8.2,-15.6,2013,1
5.7,-7.8,-0.6,3.57,34.74,4.23,9,27,395.48,-8.2,-15.9,2013,2
9.2,-5.3,2.4,4.65,54.76,4.4,12,22,396.06,-8.2,-16.7,2013,3
10.8,-4.4,4,5.29,53.56,4.52,12,20,396.52,-8.2,-13.9,2013,4
16.2,-1.1,8.2,7.91,47.7,4.87,11,13,396.54,-8.2,-12,2013,5
20.5,2.2,12.1,10.51,20.83,5.13,7,7,395.76,-8,-11,2013,6
27.8,1.7,18.6,18.89,0.24,6.12,0,8,394.28,-7.7,-10.5,2013,7
25.1,4.7,16.9,14.46,19.87,5.64,7,2,393.05,-7.6,-11.2,2013,8
20,3,12.7,9.79,120.03,5.06,13,5,393.01,-7.8,-10.6,2013,9
12.7,-3,6,6.06,28.62,4.64,8,17,394.31,-8,-12.6,2013,10
6.6,-4.8,1.9,3.38,76.59,4,13,21,395.76,-8.1,-14.8,2013,11
3.1,-9.3,-2.3,2.85,75.61,4.08,13,30,396.65,-8.1,-15.7,2013,12
6.6,-6.6,1.3,3.72,81.59,4.23,13,24,397.28,-8.2,-15.6,2014,1
2.7,-5.2,-1.5,2.02,263.15,3.28,16,22,397.74,-8.2,-15.9,2014,2
8.3,-4.3,2.5,4.03,148.82,4.17,14,20,398.03,-8.2,-16.7,2014,3
11.4,-3.3,4.7,5.38,47.16,4.48,11,18,398.4,-8.2,-13.9,2014,4
17.1,-0.7,9,8.48,40.66,4.95,10,13,398.47,-8.2,-12,2014,5
19.8,1.2,11.3,10.18,20.88,5.11,7,9,397.5,-8,-11,2014,6
27.1,4.7,18.4,16.94,20.36,5.89,7,2,395.91,-7.7,-10.5,2014,7
25.2,5.4,17.4,14.31,31.16,5.64,8,0,394.8,-7.6,-11.2,2014,8
21.9,1.6,13.6,12.03,31.44,5.44,8,8,394.89,-7.8,-10.6,2014,9
15.8,0.7,9.3,7.14,77.18,4.7,13,10,396.16,-8,-12.6,2014,10
5.4,-3.1,0.9,2.54,172.86,3.46,15,17,397.64,-8.1,-14.8,2014,11
2.9,-3,-0.2,1.63,194.94,2.67,15,17,398.61,-8.1,-15.7,2014,12
7.3,-3.5,2.7,3.41,44.74,3.93,10,18,399.31,-8.2,-15.6,2015,1
8.1,-4.8,3.1,4.04,93.73,4.24,13,21,399.86,-8.2,-15.9,2015,2
12.2,-4.4,5.1,6.07,47.21,4.72,11,20,400.3,-8.2,-16.7,2015,3
11.1,-5.1,4,5.59,27.5,4.64,8,21,400.7,-8.2,-13.9,2015,4
16.3,-0.1,9,7.72,56.06,4.81,12,11,400.65,-8.2,-12,2015,5
25.1,2.3,15.8,15.28,10.71,5.72,5,7,399.79,-8,-11,2015,6
25.1,3.7,17.4,14.82,16.82,5.8,6,4,398.13,-7.7,-10.5,2015,7
26.5,1.6,17.9,17.21,5.34,6.05,5,8,396.84,-7.6,-11.2,2015,8
20.9,0.3,12.1,11.44,24.25,5.35,7,11,397.16,-7.8,-10.6,2015,9
17.5,0.2,10.1,8.55,27.78,4.96,8,11,398.61,-8,-12.6,2015,10
4.4,-4.7,0,2.51,107.26,3.57,13,21,400.16,-8.1,-14.8,2015,11
1.7,-4.6,-1.6,1.59,296.02,2.8,17,20,401.43,-8.1,-15.7,2015,12
2,-4.9,-1.7,1.74,125.68,3,14,21,401.43,-8.2,-15.6,2016,1
7.3,-3.7,2,3.45,52.66,3.93,12,19,401.43,-8.2,-15.9,2016,2
6.5,-3.4,1.6,3.05,119.94,3.74,13,18,401.43,-8.2,-16.7,2016,3
15.3,-1.8,7.4,7.45,35.64,4.82,9,15,401.43,-8.2,-13.9,2016,4
16.6,-0.1,8.9,7.94,31.83,4.83,8,11,401.43,-8.2,-12,2016,5
21,2.6,12.8,10.84,17.13,5.18,6,6,401.43,-8,-11,2016,6
23.3,3.7,15.6,12.8,9.39,5.5,5,4,401.43,-7.7,-10.5,2016,7
25.9,1.3,16.7,16.56,0.06,5.91,0,9,401.43,-7.6,-11.2,2016,8
19.5,0.1,11.8,10.23,3.82,5.27,3,11,401.43,-7.8,-10.6,2016,9
11.2,0.8,6.3,4.23,191.59,3.96,15,10,401.43,-8,-12.6,2016,10
7.7,-1.6,3.8,3.14,73.69,3.71,12,14,401.43,-8.1,-14.8,2016,11
0.1,-8.6,-4.8,1.83,193.6,3.44,15,28,401.43,-8.1,-15.7,2016,12
